{"epoch": 99, "train_epoch_loss": 0.4204681050032377, "loss": 0.15649369359016418, "_timestamp": 1659602856, "_runtime": 1368, "_step": 140, "valid_accuracy": 89.8107681274414, "valid_auroc": 0.9417597539258538, "test_accuracy": 90.21977996826172, "test_auroc": 0.9558909766470045, "total_parameters": 15155761, "test_auroc_bestep": 0.962230632388668, "test_accuracy_bestep": 90.21977996826172, "cat_dims": 0, "con_dims": 57, "_wandb": {"runtime": 1366}}